"country","minimum_sales","maximum_sales","average_sales"
"France","1763.86","962500","173958.37350000005"
"Germany","1685.6","1017338","167895.29157142865"
"Canada","1655.08","1038082.5","177768.96350000004"
"United States of America","1730.54","1159200","178784.50128571436"
"Mexico","2508.66","848172.5","149638.22935714285"
